{
    "pid": 28114,
    "country": "India",
    "profile": "\n\nRahul Dravid was probably one of the last classical Test match batsmen. His progress into the national side may have been steady and methodical rather than meteoric, but once there, Dravid established himself at the vanguard of a new, defiant generation that were no longer easybeats away from home. Armed with an orthodox technique drilled into him by Keki Tarapore, he became the cement that held the foundations firm while the flair players expressed themselves. Yet, for a man quickly stereotyped as one-paced and one-dimensional, he too could stroke the ball around when the mood struck him. \n\n",
    "imageURL": "https://www.cricapi.com/playerpic/28114.jpg",
    "battingStyle": "Right-hand bat",
    "bowlingStyle": "Right-arm offbreak",
    "majorTeams": "India,Scotland,Asia XI,Canterbury,ICC World XI,Karnataka,Kent,Marylebone Cricket Club,Rajasthan Royals,Royal Challengers Bangalore",
    "born": "January 11, 1973, Indore, Madhya Pradesh",
    "fullName": "Rahul Sharad Dravid",
    "name": "Rahul Dravid",
    "playingRole": "Top-order batsman",
    "v": "2",
    "data": {
        "bowling": {
            "listA": {
                "10": "0",
                "5w": "0",
                "4w": "0",
                "SR": "119.2",
                "Econ": "5.29",
                "Ave": "105.25",
                "BBM": "2/43",
                "BBI": "2/43",
                "Wkts": "4",
                "Runs": "421",
                "Balls": "477",
                "Inns": "",
                "Mat": "449"
            },
            "firstClass": {
                "10": "0",
                "5w": "0",
                "4w": "",
                "SR": "123.4",
                "Econ": "2.65",
                "Ave": "54.60",
                "BBM": "",
                "BBI": "2/16",
                "Wkts": "5",
                "Runs": "273",
                "Balls": "617",
                "Inns": "",
                "Mat": "298"
            },
            "T20Is": {
                "10": "-",
                "5w": "-",
                "4w": "-",
                "SR": "-",
                "Econ": "-",
                "Ave": "-",
                "BBM": "-",
                "BBI": "-",
                "Wkts": "-",
                "Runs": "-",
                "Balls": "-",
                "Inns": "-",
                "Mat": "1"
            },
            "ODIs": {
                "10": "0",
                "5w": "0",
                "4w": "0",
                "SR": "46.5",
                "Econ": "5.48",
                "Ave": "42.50",
                "BBM": "2/43",
                "BBI": "2/43",
                "Wkts": "4",
                "Runs": "170",
                "Balls": "186",
                "Inns": "8",
                "Mat": "344"
            },
            "tests": {
                "10": "0",
                "5w": "0",
                "4w": "0",
                "SR": "120.0",
                "Econ": "1.95",
                "Ave": "39.00",
                "BBM": "1/18",
                "BBI": "1/18",
                "Wkts": "1",
                "Runs": "39",
                "Balls": "120",
                "Inns": "5",
                "Mat": "164"
            }
        },
        "batting": {
            "listA": {
                "50": "112",
                "100": "21",
                "St": "17",
                "Ct": "233",
                "6s": " 0",
                "4s": "0",
                "SR": "0",
                "BF": "0",
                "Ave": "42.30",
                "HS": "153",
                "Runs": "15271",
                "NO": "55",
                "Inns": "416",
                "Mat": "449"
            },
            "firstClass": {
                "50": "117",
                "100": "68",
                "St": "1",
                "Ct": "353",
                "6s": "0",
                "4s": "0",
                "SR": "0",
                "BF": "0",
                "Ave": "55.33",
                "HS": "270",
                "Runs": "23794",
                "NO": "67",
                "Inns": "497",
                "Mat": "298"
            },
            "T20Is": {
                "50": "0",
                "100": "0",
                "St": "0",
                "Ct": "0",
                "6s": "3",
                "4s": "0",
                "SR": "147.61",
                "BF": "21",
                "Ave": "31.00",
                "HS": "31",
                "Runs": "31",
                "NO": "0",
                "Inns": "1",
                "Mat": "1"
            },
            "ODIs": {
                "50": "83",
                "100": "12",
                "St": "14",
                "Ct": "196",
                "6s": "42",
                "4s": "950",
                "SR": "71.24",
                "BF": "15284",
                "Ave": "39.16",
                "HS": "153",
                "Runs": "10889",
                "NO": "40",
                "Inns": "318",
                "Mat": "344"
            },
            "tests": {
                "50": "63",
                "100": "36",
                "St": "0",
                "Ct": "210",
                "6s": "21",
                "4s": "1654",
                "SR": "42.51",
                "BF": "31258",
                "Ave": "52.31",
                "HS": "270",
                "Runs": "13288",
                "NO": "32",
                "Inns": "286",
                "Mat": "164"
            }
        }
    }
}
